[
  {
    "inputs": [
      {
        "internalType": "uint256",
        "name": "id",
        "type": "uint256"
      },
      {
        "internalType": "string[]",
        "name": "newBookings",
        "type": "string[]"
      }
    ],
    "name": "addDatesBooked",
    "outputs": [],
    "stateMutability": "payable",
    "type": "function"
  },
  {
    "inputs": [
      {
        "internalType": "string",
        "name": "name",
        "type": "string"
      },
      {
        "internalType": "string",
        "name": "city",
        "type": "string"
      },
      {
        "internalType": "string",
        "name": "lat",
        "type": "string"
      },
      {
        "internalType": "string",
        "name": "long",
        "type": "string"
      },
      {
        "internalType": "string",
        "name": "unoDescription",
        "type": "string"
      },
      {
        "internalType": "string",
        "name": "dosDescription",
        "type": "string"
      },
      {
        "internalType": "string",
        "name": "imgUrl",
        "type": "string"
      },
      {
        "internalType": "uint256",
        "name": "maxGuests",
        "type": "uint256"
      },
      {
        "internalType": "uint256",
        "name": "pricePerDay",
        "type": "uint256"
      },
      {
        "internalType": "string[]",
        "name": "datesBooked",
        "type": "string[]"
      }
    ],
    "name": "addRentals",
    "outputs": [],
    "stateMutability": "nonpayable",
    "type": "function"
  },
  {
    "inputs": [],
    "stateMutability": "nonpayable",
    "type": "constructor"
  },
  {
    "anonymous": false,
    "inputs": [
      {
        "indexed": false,
        "internalType": "string[]",
        "name": "datesBooked",
        "type": "string[]"
      },
      {
        "indexed": false,
        "internalType": "uint256",
        "name": "id",
        "type": "uint256"
      },
      {
        "indexed": false,
        "internalType": "address",
        "name": "booker",
        "type": "address"
      },
      {
        "indexed": false,
        "internalType": "string",
        "name": "city",
        "type": "string"
      },
      {
        "indexed": false,
        "internalType": "string",
        "name": "imgUrl",
        "type": "string"
      }
    ],
    "name": "newDatesBooked",
    "type": "event"
  },
  {
    "anonymous": false,
    "inputs": [
      {
        "indexed": false,
        "internalType": "string",
        "name": "name",
        "type": "string"
      },
      {
        "indexed": false,
        "internalType": "string",
        "name": "city",
        "type": "string"
      },
      {
        "indexed": false,
        "internalType": "string",
        "name": "lat",
        "type": "string"
      },
      {
        "indexed": false,
        "internalType": "string",
        "name": "long",
        "type": "string"
      },
      {
        "indexed": false,
        "internalType": "string",
        "name": "unoDescription",
        "type": "string"
      },
      {
        "indexed": false,
        "internalType": "string",
        "name": "dosDescription",
        "type": "string"
      },
      {
        "indexed": false,
        "internalType": "string",
        "name": "imgUrl",
        "type": "string"
      },
      {
        "indexed": false,
        "internalType": "uint256",
        "name": "maxGuests",
        "type": "uint256"
      },
      {
        "indexed": false,
        "internalType": "uint256",
        "name": "pricePerDay",
        "type": "uint256"
      },
      {
        "indexed": false,
        "internalType": "string[]",
        "name": "datesBooked",
        "type": "string[]"
      },
      {
        "indexed": false,
        "internalType": "uint256",
        "name": "id",
        "type": "uint256"
      },
      {
        "indexed": false,
        "internalType": "address",
        "name": "renter",
        "type": "address"
      }
    ],
    "name": "rentalCreated",
    "type": "event"
  },
  {
    "inputs": [
      {
        "internalType": "uint256",
        "name": "id",
        "type": "uint256"
      }
    ],
    "name": "getRental",
    "outputs": [
      {
        "internalType": "string",
        "name": "",
        "type": "string"
      },
      {
        "internalType": "uint256",
        "name": "",
        "type": "uint256"
      },
      {
        "internalType": "string[]",
        "name": "",
        "type": "string[]"
      }
    ],
    "stateMutability": "view",
    "type": "function"
  },
  {
    "inputs": [],
    "name": "owner",
    "outputs": [
      {
        "internalType": "address",
        "name": "",
        "type": "address"
      }
    ],
    "stateMutability": "view",
    "type": "function"
  },
  {
    "inputs": [
      {
        "internalType": "uint256",
        "name": "",
        "type": "uint256"
      }
    ],
    "name": "rentalIds",
    "outputs": [
      {
        "internalType": "uint256",
        "name": "",
        "type": "uint256"
      }
    ],
    "stateMutability": "view",
    "type": "function"
  }
]
